{
    "J1": [
        15.053297418781439,
        15.036900017148039,
        15.036791390392455,
        15.03679067355278,
        15.036790668838467,
        15.036790668807505,
        15.036790668807324,
        15.036790668807317,
        15.036790668807313,
        15.036790668807319,
        15.036790668807313
    ],
    "J2": [
        607.466808265121,
        662.8296282859096,
        708.8046447121338,
        745.2330476204494,
        772.5147944906684,
        791.374390098639,
        802.6445781942527,
        807.1192794878125,
        805.4671704300542,
        798.1831452676353,
        785.5538776435537
    ],
    "J3": [
        -343.73349121157105,
        -339.0136727007083,
        -331.95862578277,
        -322.7773217755468,
        -311.68635664125,
        -298.87554285127334,
        -284.4893938058295,
        -268.6171898873091,
        -251.28673491485213,
        -232.45692387145374,
        -212.0039631150335
    ],
    "J4": [
        494.4682962604365,
        363.8160598573784,
        237.59692305225815,
        117.18520082810105,
        3.0613277815395845,
        -105.0537591215861,
        -207.89926293219037,
        -306.4554363421711,
        -401.8171357941537,
        -495.1451060004218,
        -587.6797422313833
    ],
    "J5": [
        0.0,
        0.0,
        0.0,
        0.0,
        0.0,
        0.0,
        0.0,
        0.0,
        0.0,
        0.0,
        0.0
    ],
    "J6": [
        0.0,
        0.0,
        0.0,
        0.0,
        0.0,
        0.0,
        0.0,
        0.0,
        0.0,
        0.0,
        0.0
    ]
}